제목,저자
82년생 김지영,조남주
트렌드 코리아 2020 : 서울대 소비트렌드분석센..,김난도 외
사피엔스,유발 하라리 조현욱
도파민형 인간,대니얼 Z. 리버먼마이클 E. 롱
하버드 상위 1퍼센트의 비밀,정주영
50부터는 인생관을 바꿔야 산다,사이토 다카시 황혜숙
부의 인문학,브라운스톤
자존감 수업,윤홍균
미움받을 용기,기시미 이치로 전경아
대변동,재레드 다이아몬드 강주헌
90년생이 온다,임홍택
인간 본성의 법칙,로버트 그린 이지연
쓰레기처럼 사랑하라,김달
19금 그레이의 50가지 그림자 1,E L 제임스 박은서
아주 작은 습관의 힘,제임스 클리어 이한이
봉제인형 살인사건,다니엘 콜 유혜인
최강의 식사,데이브 아스프리 정세영
감사하면 달라지는 것들,제니스 캐플런
베스트 셀프,마이크 베이어 강주헌
팩트풀니스,한스 로슬링
침묵이라는 무기,코르넬리아 토프 장혜경
직지 1,김진명
부자 아빠 가난한 아빠 20주년 특별 기념판,로버트 기요사키 안진환
밀레니얼 이코노미,홍춘욱박종훈
후흑학,신동준
공부머리 독서법,최승필
유혹의 기술,로버트 그린 강미경
영화는 두 번 시작된다,이동진
똑게육아,김준희
반인간선언,주원규
맛불리 다이어트 연구소,맛불리
선량한 차별주의자,김지혜
호모 데우스,유발 하라리 김명주
설득의 심리학,로버트 치알디니 황혜숙
아몬드,손원평
19금 섹스의 기술 (합본),이영기
멋진 신세계,올더스 헉슬리 안정효
설민석의 삼국지 1,설민석
그렇게 물어보면 원하는 답을 들을 수 없습니다,김호
당신은 뇌를 고칠 수 있다,톰 오브라이언 이시은
세계미래보고서 2020,박영숙제롬 글렌
마흔 마음 공부를 시작했다,김병수
돌이킬 수 없는 약속,야쿠마루 가쿠 김성미
나를 돌보지 않는 나에게,정여울
엄마도 위로가 필요해,송지희
람세스 세트,크리스티앙 자크 김정란
너라는 계절,김지훈
나미야 잡화점의 기적,히가시노 게이고 양윤옥
삼국지 (1~10) 합본 세트,나관중 황석영
다른 방식으로 보기,존 버거 최민
직지 2,김진명
경성을 뒤흔든 11가지 연애사건,이철
무례한 사람에게 웃으며 대처하는 법,정문정
나는 나로 살기로 했다,김수현
당신의 마음을 안아줄게요,김지훈
나의 월급 독립 프로젝트,유목민
갖다 버리고 싶어도 내 인생,하수연
승진의 정석,박소연
포노 사피엔스,최재붕
욕망의 진화,데이비드 버스 전중환
완벽한 공부법,고영성신영준
12가지 인생의 법칙,조던 B. 피터슨 강주헌
삼생삼세 십리도화,당칠공자 문헌선
19금 50가지 그림자 심연 1,E L 제임스 박은서
설민석의 조선왕조실록,설민석
고단백 저탄수화물 다이어트 레시피,박지우
세계를 움직이는 리더는 어떻게 공감을 얻는가,빌 맥고완 박여진
죽음 1,베르나르 베르베르 전미연
정리하는 뇌,대니얼 J. 레비틴 김성훈
소유란 무엇인가,피에르 조제프 프루동 이용재
개인주의자 선언,문유석
반일 종족주의,이영훈김낙년김용삼주익종정안기이우연
7년의 밤,정유정
지방을 태우는 몸,지미 무어에릭 웨스트먼 이문영
네이버 증권으로 배우는 주식투자 실전 가이드북,알렉스 강
코스모스,칼 세이건 홍승수
이혼하고 싶은 그녀들의 진짜 속마음,정다원
이런 사람 만나지 마세요,유영만
죽고 싶지만 떡볶이는 먹고 싶어,백세희
내가 확실히 아는 것들,오프라 윈프리
아들러 심리학을 읽는 밤,기시미 이치로 박재현
기후변화와 환경의 미래,이승은고문현
내게 무해한 사람,최은영
임상진료지침 5판,가톨릭대학교 의과대학 내과학교실
지저스 콜링,사라 영 이지영
부의 지각변동,박종훈
창문 넘어 도망친 100세 노인,요나스 요나손 임호경
세계화의 진화,베르나르 기요숑 윤인숙
2억 빚을 진 내게 우주님이 가르쳐준 운이 풀리..,고이케 히로시
반지의 제왕 1,J.R.R. 톨킨 김번외
21세기를 위한 21가지 제언,유발 하라리 전병근
초등 6년이 아이의 인생을 결정한다,이은경도준형황희진
나는 매주 시체를 보러 간다,유성호
참 소중한 너라서,김지훈
쇼룸,김의경
우리에겐 언어가 필요하다,이민경
뇌 욕망의 비밀을 풀다,한스-게오르크 호이젤 강영옥
19금 그레이의 50가지 그림자 2,E L 제임스 박은서
무엇을 먹을 것인가,콜린 캠벨토마스 캠벨 유자화
엘리어트 파동 이론,김중근
